company,deadline,end_date,job_no,link,location,role,start_date,stipend
TechCiti Technologies Pvt.Ltd.,2021-05-13,2021-08-11,1,/internship/Software-Developer-internships/TechCiti-Technologies-Pvt-Ltd-/Data-Science-ML-NLP-Internship/125434,Anywhere in India,Data Science(ML / NLP)  Internship,2021-02-11,0
Cognilysis Opc Pvt Ltd,2021-04-29,2021-11-30,2,/internship/Computer-and-Information-Research-Scientist-internships/Cognilysis-Opc-Pvt-Ltd/Research-Scientist/125328,Anywhere in India,Research Scientist,2021-06-29,0
CodeSpeedy Technology Private Limited,2021-03-31,2021-04-29,3,/internship/Software-Developer-C-internships/CodeSpeedy-Technology-Private-Limited/C-Internship/124691,Anywhere in India,C++ Internship,2021-03-30,0
Beat The Virus Startup,2021-03-30,2021-06-12,4,/internship/Social-Media-Specialist-internships/Beat-The-Virus-Startup/Social-Media-Intern/125598,Anywhere in India,Social Media Intern,2021-02-17,0
CodeSpeedy Technology Private Limited,2021-04-29,2021-05-30,5,/internship/Software-Developer-Java-internships/CodeSpeedy-Technology-Private-Limited/Java-Internship/126400,Anywhere in India,Java Internship,2021-04-29,0
TechCiti Technologies Pvt.Ltd.,2021-06-04,2021-09-03,6,/internship/Software-Developer-internships/TechCiti-Technologies-Pvt-Ltd-/MCA-Final-Year-Internship/126016,Anywhere in India,MCA Final Year Internship,2021-03-03,0
TechCiti Technologies Pvt.Ltd.,2021-05-13,2021-08-11,7,/internship/Software-Developer-internships/TechCiti-Technologies-Pvt-Ltd-/Java-Web-Development-Internship/125436,Anywhere in India,Java / Web Development Internship,2021-02-11,0
Aradhana Skills Private Limited,2021-04-15,2021-10-16,8,/internship/Marketing-Professional-internships/Aradhana-Skills-Private-Limited/Marketing-Intern/126754,Anywhere in India,Marketing Intern,2021-04-17,14999-15000
Biztime IT Solutions Pvt Ltd,2021-05-19,2021-07-03,9,/internship/Full-Stack-Developer-Java-internships/Biztime-IT-Solutions-Pvt-Ltd/Mean-Stack-student-Fresher-Virtual-Internship/126657,Anywhere in India,Mean Stack student/Fresher Virtual Internship,2021-04-03,2000-8000
TechCiti Technologies Pvt.Ltd.,2021-06-29,2021-09-28,10,/internship/Software-Developer-internships/TechCiti-Technologies-Pvt-Ltd-/BE-BTech-IT-Internship/126696,Anywhere in India,BE/BTech(IT) Internship,2021-03-28,0
www.setlmint.com,2021-04-15,2021-07-13,10,/internship/Software-Developer-internships/www-setlmint-com/Full-Stack-Developer-ReactJS-Ruby-React-Native/126364,Mumbai,"Full Stack Developer - ReactJS, Ruby, React Native",2021-04-14,5000-7500
AI Probably,2021-05-17,2021-09-29,11,/internship/Data-Scientist-internships/AI-Probably/Data-Science-technical-Content-developer-Trainer/126375,Anywhere in India,Data Science technical Content developer & Trainer,2021-03-20,5000-8000
Gateway Software Solutions,2021-04-15,2021-04-29,12,/internship/Web-Developer-internships/Gateway-Software-Solutions/WEB-DEVELOPMENT-INTERNSHIP/126395,Coimbatore,WEB DEVELOPMENT INTERNSHIP,2021-03-31,1000-3000
Find My Bin,2023-02-08,2025-05-06,13,/internship/Information-System-Architect-internships/Find-My-Bin/PHP-Developer/126408,Delhi,PHP Developer,2021-03-17,1000-2000
Stealth Mode Startup,2021-04-04,2021-06-06,14,/internship/Mobile-App-Developer-iOS-internships/Stealth-Mode-Startup/Mobile-App-Developer/126489,Anywhere in India,Mobile App Developer,2021-04-05,0
PPC Training in Mohali,2022-02-13,2023-01-06,15,/internship/SEM-Specialist-internships/PPC-Training-in-Mohali/ppc-training-in-mohali/126499,mohali,ppc-training-in-mohali,2021-03-21,0
Techvolt,2021-04-27,2021-05-29,16,/internship/Web-Developer-PHP-internships/Techvolt/PHP-Intern-PHP-Trainee/126501,Coimbatore,PHP Intern | PHP Trainee,2021-03-24,1000-4000
EzeeOnline,2021-04-09,2021-07-29,17,/internship/SEO-Specialist-internships/EzeeOnline/SEO-Executive-Intern/126524,New Delhi,SEO Executive Intern,2021-03-23,1000-1500
Artex Global,2023-01-13,2024-11-14,18,/internship/Web-Developer-internships/Artex-Global/Wordpress-Developer/126526,Delhi,Wordpress Developer,2021-03-22,1000-3000
webtech solution,2021-04-11,2021-04-29,19,/internship/Web-Developer-internships/webtech-solution/web-Development/126545,"Noida,Ghaziabad+Dadri,Delhi",web Development,2021-03-23,3000-8000
Odelite Solutions,2021-04-15,2021-10-29,20,/internship/Software-Developer-NET-internships/Odelite-Solutions/Microsoft-Platform-developer/126605,"Mumbai,Akola",Microsoft Platform developer,2021-05-02,18000-40000
Codever,2021-04-15,2021-10-29,21,/internship/Web-Developer-internships/Codever/Web-Developer-intern/126606,Hyderabad,Web Developer intern,2021-03-30,3000-5000
Realty AI,2021-04-10,2021-06-14,22,/internship/Data-Analyst-internships/Realty-AI/Data-Analytics/126613,Anywhere in India,Data Analytics,2021-04-14,10000-10000
Big Brain Technology,2021-04-10,2021-07-14,23,/internship/Software-Developer-Java-internships/Big-Brain-Technology/Java-Development-Internship/126619,Anywhere in India,Java Development Internship,2021-04-14,5000-8000
CodeMBS,2021-04-07,2021-06-13,24,/internship/Mobile-App-Developer-internships/CodeMBS/Flutter-Internship/126626,Amravati,Flutter Internship,2021-04-13,0
MEDITAB,2021-05-02,,25,/internship/Software-Developer-internships/MEDITAB/Full-time-Job-opportunity/126634,Ahmedabad,Full time Job opportunity,2021-05-02,30000-30000
CAFS Infotech,2021-07-21,2021-11-04,26,/internship/Information-Technology-Support-Specialist-internships/CAFS-Infotech/PHP-Trainee-Developer/126658,Chennai,PHP Trainee Developer,2021-04-04,1000-10000
Youngfibre,2021-04-08,2021-06-09,27,/internship/Web-Developer-internships/Youngfibre/React-Developer-Intern/126661,Anywhere in India,React Developer Intern,2021-04-10,1000-3000
Credo Systemz,2021-04-10,2021-06-29,28,/internship/Computer-and-Information-Systems-Manager-internships/Credo-Systemz/AWS-Training-in-Chennai/126683,Chennai,AWS Training in Chennai,2021-03-31,5000-10000
Exo Helpdesk,2022-02-28,2023-02-07,29,/internship/Computer-Systems-Technician-internships/Exo-Helpdesk/Exo-Helpdesk-Software/126686,Hyderabad,Exo Helpdesk Software,2021-03-29,1000-2000
razen customs,2021-04-08,2021-07-09,30,/internship/Web-Developer-internships/razen-customs/Website-Development-Internship/126688,Hyderabad,Website Development Internship,2021-04-09,10000-10000
Cofy Graphics,2021-04-03,2021-05-31,31,/internship/UI-UX-Developer-internships/Cofy-Graphics/UI-UX-Designer/126698,Anywhere in India,UI/UX Designer,2021-04-04,3000-7000
Medbikri Technologies Pvt ltd,2021-04-04,2021-06-04,32,/internship/Web-Developer-Python-internships/Medbikri-Technologies-Pvt-ltd/Tech-Internship-Early/126700,Bangalore,Tech Internship - Early,2021-04-04,10000-15000
CloudVandana Solutions,2021-04-08,,33,/internship/Database-Administrator-internships/CloudVandana-Solutions/Salesforce-Marketing-Cloud-Consultant-Developer/126706,Delhi,Salesforce Marketing Cloud Consultant/Developer,2021-04-09,5000-25000
Decentro,2021-05-01,2021-07-30,34,/internship/Software-Developer-internships/Decentro/India-s-First-Fintech-Fellowship-Program/126711,Bangalore,India's First Fintech Fellowship Program,2021-05-14,1000-50000
Lazyme,2021-04-15,2021-07-30,35,/internship/Mobile-App-Developer-internships/Lazyme/Lazyme-Internship-Program/126716,Pune,Lazyme Internship Program,2021-04-04,4000-10000
Clinge,2021-04-06,2021-06-08,36,/internship/Software-Developer-Python-internships/Clinge/Back-End-Developer/126739,"Mumbai,Delhi,Bangalore,Hyderabad,Kolkata",Back End Developer,2021-04-08,10000-15000
Clinge,2021-04-06,2021-06-08,37,/internship/Software-Developer-Javascript-internships/Clinge/Front-End-Developer/126740,"Hyderabad,New Delhi,Mumbai,Kolkata,Bangalore,Pune",Front End Developer,2021-04-08,10000-15000
Brandlabs Technologies,2021-04-09,2021-06-03,38,/internship/SEO-Specialist-internships/Brandlabs-Technologies/SEO-Analyst-Intern-at-PropertiesinPune-com/126741,Pune,SEO Analyst (Intern) at PropertiesinPune.com,2021-04-03,0
Doorstour,2021-04-30,2021-05-30,39,/internship/Web-Developer-internships/Doorstour/Web-Developer/126755,New Delhi,Web Developer,2021-03-31,1000-3000
Doorstour,2021-04-30,2021-05-30,40,/internship/Mobile-App-Developer-internships/Doorstour/Flutter-Developer/126759,New Delhi,Flutter Developer,2021-03-31,1000-3000
Cyberflow,2021-04-03,2021-05-31,41,/internship/Web-Developer-internships/Cyberflow/Developer-Needed/126760,Anywhere in India,Developer Needed,2021-04-01,4000-15000
elocals,2021-04-15,2021-07-14,42,/internship/Front-End-Developer-internships/elocals/Frontend-Developer/126761,Anywhere in India,Frontend Developer,2021-04-14,10000-12000
elocals,2021-04-15,2021-05-14,43,/internship/Web-Developer-internships/elocals/Browser-Extension-developer/126766,Anywhere in India,Browser Extension developer,2021-04-14,7000-8000
Cloudzies,2021-04-08,2021-08-10,44,/internship/Software-Developer-internships/Cloudzies/Software-Engineering-Intern/126767,Bangalore,Software Engineering Intern,2021-04-11,4000-4000
Alfastreak Solutions,2021-04-18,2021-07-19,45,/internship/Software-Developer-Javascript-internships/Alfastreak-Solutions/Quant-Developer-/126777,Mumbai,Quant Developer/,2021-04-19,6000-10000
Kaizen Ventures,2021-04-09,2021-05-09,46,/internship/Mobile-App-Developer-internships/Kaizen-Ventures/Mobile-Application-Developer/126782,"Delhi,Bangalore",Mobile Application Developer,2021-04-09,0
Ideapoke,2021-04-09,2021-10-06,47,/internship/Full-Stack-Developer-Java-internships/Ideapoke/Java-Internship/126783,Bangalore,Java Internship,2021-04-06,10000-10000
PARTH,2021-04-10,,48,/internship/Computer-User-Support-Analyst-internships/PARTH/Recruitment-and-Support-Executive/126784,Gurgaon,Recruitment and Support Executive,2021-04-01,18000-20000
HSPM Solutions LLP,2021-04-10,2021-07-14,49,/internship/Mobile-App-Developer-internships/HSPM-Solutions-LLP/Mobile-Application-Developer/126787,Pune,Mobile Application Developer,2021-04-14,2000-5000
Imurgence Learning,2021-04-30,2021-06-04,50,/internship/Data-Scientist-internships/Imurgence-Learning/Data-Science-Intern/126795,Anywhere in India,Data Science Intern,2021-04-04,0
Start Hub Experts,2021-04-19,2021-05-03,51,/internship/Web-Developer-internships/Start-Hub-Experts/Web-Development/126797,Mumbai,Web Development,2021-04-04,1000-2000
Percept Infosystem,2021-04-28,2021-05-30,52,/internship/Software-Developer-Java-internships/Percept-Infosystem/Java-Intern/126804,Nagpur,Java Intern,2021-04-30,0
iCubes,2021-04-20,2021-07-30,53,/internship/SEO-Specialist-internships/iCubes/Digital-Marketing/126805,Udaipur,Digital Marketing,2021-04-01,1000-3000
GTL Software,2021-04-12,2021-08-11,54,/internship/Software-Developer-internships/GTL-Software/Internship-in-Software-Development/126824,Pune,Internship in Software Development,2021-04-11,0
Skyview Smart Solutions,2021-04-11,2021-05-20,55,/internship/SEO-Specialist-internships/Skyview-Smart-Solutions/Hiring-for-a-SEO-Internship/126828,Lucknow,Hiring for a SEO Internship,2021-04-05,0
Paarsh Infotech,2021-04-30,2021-07-09,56,/internship/Web-Developer-PHP-internships/Paarsh-Infotech/WEB-DEVELOPMENT-INTERNSHIP/126835,Nashik,WEB DEVELOPMENT INTERNSHIP,2021-04-09,5000-10000
Paarsh Infotech,2021-04-30,2021-07-09,57,/internship/Mobile-App-Developer-iOS-internships/Paarsh-Infotech/IOS-DEVELOPMENT-INTERNSHIP/126836,Nashik,IOS DEVELOPMENT INTERNSHIP,2021-04-09,0
Motabhaai Digital Solutions Pvt. Ltd,2021-04-03,2021-04-04,58,/internship/Data-Analyst-internships/Motabhaai-Digital-Solutions-Pvt-Ltd/Hirings-for-Data-Handling-Data-apprenticeship/126839,Mumbai,"Hirings for Data Handling, Data apprenticeship",2021-04-02,4000-6000
Web Student,2021-05-08,2021-06-11,59,/internship/Web-Developer-internships/Web-Student/Web-Development/126842,Chittoor,Web Development,2021-04-04,0
